-- phpMyAdmin SQL Dump
-- version 3.5.2.2
-- http://www.phpmyadmin.net
--
-- Host: localhost
-- Generation Time: Sep 11, 2012 at 09:06 AM
-- Server version: 5.5.24-0ubuntu0.12.04.1
-- PHP Version: 5.3.10-1ubuntu3.2

SET SQL_MODE="NO_AUTO_VALUE_ON_ZERO";
SET time_zone = "+00:00";


/*!40101 SET @OLD_CHARACTER_SET_CLIENT=@@CHARACTER_SET_CLIENT */;
/*!40101 SET @OLD_CHARACTER_SET_RESULTS=@@CHARACTER_SET_RESULTS */;
/*!40101 SET @OLD_COLLATION_CONNECTION=@@COLLATION_CONNECTION */;
/*!40101 SET NAMES utf8 */;

--
-- Database: `pingDb`
--

-- --------------------------------------------------------

--
-- Table structure for table `admins`
--

CREATE TABLE IF NOT EXISTS `admins` (
  `id` int(11) NOT NULL AUTO_INCREMENT,
  `name` varchar(45) NOT NULL,
  `password` varchar(45) NOT NULL,
  `is_super_admin` varchar(45) DEFAULT '0',
  PRIMARY KEY (`id`),
  UNIQUE KEY `name_UNIQUE` (`name`)
) ENGINE=InnoDB  DEFAULT CHARSET=latin1 AUTO_INCREMENT=3 ;

--
-- Dumping data for table `admins`
--

INSERT INTO `admins` (`id`, `name`, `password`, `is_super_admin`) VALUES
(1, 'admin', 'admin', '1'),
(2, 'dipendra', 'kamala', '0');

-- --------------------------------------------------------

--
-- Table structure for table `attendence`
--

CREATE TABLE IF NOT EXISTS `attendence` (
  `id` int(11) NOT NULL AUTO_INCREMENT,
  `users_id` int(11) NOT NULL,
  `attendence_date` date NOT NULL,
  `status` int(11) DEFAULT NULL,
  `login_time` time DEFAULT NULL,
  `logout_time` time DEFAULT NULL,
  `updated_date` timestamp NOT NULL DEFAULT CURRENT_TIMESTAMP ON UPDATE CURRENT_TIMESTAMP,
  `Comments` varchar(100) DEFAULT '    ',
  PRIMARY KEY (`id`),
  KEY `FK_attendence` (`users_id`)
) ENGINE=InnoDB  DEFAULT CHARSET=latin1 AUTO_INCREMENT=173 ;

--
-- Dumping data for table `attendence`
--

INSERT INTO `attendence` (`id`, `users_id`, `attendence_date`, `status`, `login_time`, `logout_time`, `updated_date`, `Comments`) VALUES
(1, 13, '2012-07-22', 1, '17:38:43', '17:40:49', '2012-07-22 11:55:49', '    '),
(2, 15, '2012-07-22', 1, '17:38:43', '17:40:49', '2012-07-22 11:55:49', '    '),
(3, 2, '2012-07-22', 0, NULL, NULL, '2012-07-22 11:54:43', '    '),
(4, 4, '2012-07-22', 0, NULL, NULL, '2012-07-22 11:54:43', '    '),
(5, 5, '2012-07-22', 0, NULL, NULL, '2012-07-22 11:54:43', '    '),
(6, 8, '2012-07-22', 0, NULL, NULL, '2012-07-22 11:54:43', '    '),
(7, 9, '2012-07-22', 0, NULL, NULL, '2012-07-22 11:54:43', '    '),
(8, 10, '2012-07-22', 0, NULL, NULL, '2012-07-22 11:54:43', '    '),
(9, 11, '2012-07-22', 0, NULL, NULL, '2012-07-22 11:54:43', '    '),
(10, 12, '2012-07-22', 0, NULL, NULL, '2012-07-22 11:54:43', '    '),
(12, 13, '2012-07-23', 1, '08:34:44', '18:33:52', '2012-07-23 12:48:52', '    '),
(13, 15, '2012-07-23', 1, '08:34:44', '18:33:52', '2012-07-23 12:48:52', '    '),
(14, 8, '2012-07-23', 1, '08:36:22', '18:33:52', '2012-07-23 12:48:52', '    '),
(16, 5, '2012-07-23', 1, '08:43:56', '18:33:52', '2012-07-23 12:48:52', '    '),
(17, 2, '2012-07-23', 1, '08:48:42', '18:33:52', '2012-07-23 12:48:52', '    '),
(18, 4, '2012-07-23', 1, '09:14:54', '18:33:52', '2012-07-23 12:48:52', '    '),
(19, 10, '2012-07-23', 1, '09:25:15', '18:33:52', '2012-07-23 12:48:52', '    '),
(20, 9, '2012-07-23', 0, NULL, NULL, '2012-07-23 04:16:10', '    '),
(21, 11, '2012-07-23', 0, NULL, NULL, '2012-07-23 04:16:10', '    '),
(22, 12, '2012-07-23', 0, NULL, NULL, '2012-07-23 04:16:10', '    '),
(23, 16, '2012-07-23', 0, NULL, NULL, '2012-07-23 11:10:33', '    '),
(24, 2, '2012-07-24', 1, '09:00:04', '18:31:29', '2012-07-24 12:46:29', '    '),
(25, 4, '2012-07-24', 1, '09:00:05', '18:31:29', '2012-07-24 12:46:29', '    '),
(26, 5, '2012-07-24', 1, '09:00:05', '18:31:29', '2012-07-24 12:46:29', '    '),
(27, 8, '2012-07-24', 1, '09:00:05', '18:31:29', '2012-07-24 12:46:29', '    '),
(28, 9, '2012-07-24', 1, '09:00:05', '18:31:29', '2012-07-24 12:46:29', '    '),
(29, 10, '2012-07-24', 1, '09:00:05', '18:31:29', '2012-07-24 12:46:29', '    '),
(30, 13, '2012-07-24', 1, '09:00:05', '18:31:29', '2012-07-24 12:46:29', '    '),
(32, 15, '2012-07-24', 1, '09:00:05', '18:31:29', '2012-07-24 12:46:29', '    '),
(33, 16, '2012-07-24', 1, '09:00:06', '18:31:29', '2012-07-24 12:46:29', '    '),
(34, 11, '2012-07-24', 0, NULL, NULL, '2012-07-24 04:15:21', '    '),
(35, 12, '2012-07-24', 0, '09:40:40', NULL, '2012-07-25 04:21:13', '    '),
(36, 4, '2012-07-25', 1, '08:50:32', '18:30:43', '2012-07-25 12:45:43', '    '),
(37, 15, '2012-07-25', 1, '08:50:32', '18:30:43', '2012-07-25 12:45:43', '    '),
(38, 16, '2012-07-25', 1, '08:50:32', '18:30:43', '2012-07-25 12:45:43', '    '),
(39, 5, '2012-07-25', 1, '08:55:48', '18:30:43', '2012-07-25 12:45:43', '    '),
(40, 8, '2012-07-25', 1, '08:55:48', '18:30:43', '2012-07-25 12:45:43', '    '),
(41, 9, '2012-07-25', 1, '08:55:48', '18:30:43', '2012-07-25 12:45:43', '    '),
(43, 2, '2012-07-25', 1, '09:16:45', '18:30:43', '2012-07-25 12:45:43', '    '),
(44, 13, '2012-07-25', 1, '09:27:06', '18:30:43', '2012-07-25 12:45:43', '    '),
(45, 10, '2012-07-25', 0, NULL, NULL, '2012-07-25 04:18:01', '    '),
(46, 11, '2012-07-25', 0, NULL, NULL, '2012-07-25 04:18:01', '    '),
(47, 12, '2012-07-25', 0, NULL, NULL, '2012-07-25 04:18:01', '    '),
(48, 15, '2012-07-28', 1, '08:47:27', '18:30:07', '2012-07-28 12:45:07', '    '),
(49, 4, '2012-07-28', 1, '08:52:50', '18:30:07', '2012-07-28 12:45:07', '    '),
(50, 5, '2012-07-28', 1, '08:52:50', '18:30:07', '2012-07-28 12:45:07', '    '),
(51, 9, '2012-07-28', 1, '08:52:50', '18:30:07', '2012-07-28 12:45:07', '    '),
(52, 2, '2012-07-28', 1, '09:09:00', '18:30:07', '2012-07-28 12:45:07', '    '),
(53, 8, '2012-07-28', 1, '09:36:16', '18:30:07', '2012-07-28 12:45:07', '    '),
(54, 10, '2012-07-28', 1, '09:36:16', '18:30:07', '2012-07-28 12:45:07', '    '),
(56, 13, '2012-07-28', 1, '09:46:38', '18:30:07', '2012-07-28 12:45:07', '    '),
(57, 11, '2012-07-28', 0, NULL, NULL, '2012-07-28 04:16:28', '    '),
(58, 12, '2012-07-28', 0, NULL, NULL, '2012-07-28 04:16:28', '    '),
(59, 16, '2012-07-28', 0, NULL, NULL, '2012-07-28 04:16:28', '    '),
(62, 4, '2012-07-29', 1, '08:02:49', '00:00:00', '2012-07-30 02:59:34', 'Server was off before the users pc '),
(63, 15, '2012-07-29', 1, '08:02:49', '00:00:00', '2012-07-30 02:59:34', 'Server was off before the users pc '),
(65, 5, '2012-07-29', 1, '08:57:37', '00:00:00', '2012-07-30 02:59:34', 'Server was off before the users pc '),
(66, 2, '2012-07-29', 1, '09:02:55', '00:00:00', '2012-07-30 02:59:34', 'Server was off before the users pc '),
(67, 16, '2012-07-29', 1, '09:02:55', '00:00:00', '2012-07-30 02:59:34', 'Server was off before the users pc '),
(68, 13, '2012-07-29', 1, '09:08:10', '00:00:00', '2012-07-30 02:59:34', 'Server was off before the users pc '),
(69, 10, '2012-07-29', 1, '09:54:50', '00:00:00', '2012-07-30 02:59:34', 'Server was off before the users pc '),
(70, 8, '2012-07-29', 0, NULL, NULL, '2012-07-30 03:13:25', 'System is Going Down'),
(71, 9, '2012-07-29', 0, NULL, NULL, '2012-07-29 04:20:02', '    '),
(72, 11, '2012-07-29', 0, NULL, NULL, '2012-07-29 04:20:02', '    '),
(73, 12, '2012-07-29', 0, NULL, NULL, '2012-07-29 04:20:02', '    '),
(75, 15, '2012-07-30', 1, '08:45:07', NULL, '2012-07-30 03:00:07', '    '),
(76, 2, '2012-07-30', 1, '08:50:32', '17:05:41', '2012-07-30 11:20:41', '    '),
(78, 16, '2012-07-30', 1, '08:50:32', '17:00:26', '2012-07-30 11:15:26', '    '),
(79, 5, '2012-07-30', 1, '08:55:53', '17:00:26', '2012-07-30 11:15:26', '    '),
(80, 8, '2012-07-30', 1, '09:06:29', '17:05:41', '2012-07-30 11:20:41', '    '),
(81, 10, '2012-07-30', 1, '09:06:30', '17:05:41', '2012-07-30 11:20:41', '    '),
(82, 4, '2012-07-30', 1, '09:11:42', '17:45:46', '2012-07-30 12:00:46', '    '),
(83, 9, '2012-07-30', 0, NULL, NULL, '2012-07-30 04:18:40', '    '),
(84, 11, '2012-07-30', 0, NULL, NULL, '2012-07-30 04:18:40', '    '),
(85, 12, '2012-07-30', 0, NULL, NULL, '2012-07-30 04:18:40', '    '),
(86, 13, '2012-07-30', 0, NULL, NULL, '2012-07-30 04:18:40', '    '),
(87, 5, '2012-08-01', 1, '08:52:32', '17:30:24', '2012-08-01 11:45:24', '    '),
(88, 15, '2012-08-01', 1, '08:52:32', '00:00:00', '2012-08-02 03:35:59', 'Server was off before the users pc '),
(89, 16, '2012-08-01', 1, '08:52:32', '17:00:10', '2012-08-01 11:15:10', '    '),
(90, 2, '2012-08-01', 1, '09:08:51', '17:45:29', '2012-08-01 12:00:29', '    '),
(92, 10, '2012-08-01', 1, '09:28:44', '17:20:15', '2012-08-01 11:35:15', '    '),
(93, 13, '2012-08-01', 1, '09:39:17', '17:25:19', '2012-08-01 11:40:19', '    '),
(94, 4, '2012-08-01', 0, NULL, NULL, '2012-08-01 04:15:03', '    '),
(95, 8, '2012-08-01', 0, NULL, NULL, '2012-08-01 04:15:03', '    '),
(96, 9, '2012-08-01', 0, NULL, NULL, '2012-08-01 04:15:03', '    '),
(97, 11, '2012-08-01', 0, NULL, NULL, '2012-08-01 04:15:03', '    '),
(98, 12, '2012-08-01', 0, NULL, NULL, '2012-08-01 04:15:03', '    '),
(99, 2, '2012-08-02', 1, '09:21:18', '18:31:12', '2012-08-02 12:46:12', '    '),
(100, 4, '2012-08-02', 1, '09:21:18', '18:31:12', '2012-08-02 12:46:12', '    '),
(101, 5, '2012-08-02', 1, '09:21:18', '18:31:12', '2012-08-02 12:46:12', '    '),
(102, 10, '2012-08-02', 1, '09:21:18', '18:31:12', '2012-08-02 12:46:12', '    '),
(103, 15, '2012-08-02', 1, '09:21:18', '18:31:12', '2012-08-02 12:46:12', '    '),
(104, 16, '2012-08-02', 1, '09:21:18', '18:31:12', '2012-08-02 12:46:12', '    '),
(106, 8, '2012-08-02', 0, NULL, NULL, '2012-08-02 04:18:16', '    '),
(107, 9, '2012-08-02', 0, NULL, NULL, '2012-08-02 04:18:16', '    '),
(108, 11, '2012-08-02', 0, NULL, NULL, '2012-08-02 04:18:16', '    '),
(109, 12, '2012-08-02', 0, NULL, NULL, '2012-08-02 04:18:16', '    '),
(110, 13, '2012-08-02', 0, NULL, NULL, '2012-08-02 04:18:16', '    '),
(111, 15, '2012-08-03', 1, '09:33:35', '18:30:40', '2012-08-03 12:45:40', '    '),
(112, 2, '2012-08-03', 1, '09:39:05', '18:30:40', '2012-08-03 12:45:40', '    '),
(113, 4, '2012-08-03', 0, NULL, NULL, '2012-08-03 04:15:36', '    '),
(114, 5, '2012-08-03', 0, NULL, NULL, '2012-08-03 04:15:36', '    '),
(115, 8, '2012-08-03', 0, NULL, NULL, '2012-08-03 04:15:36', '    '),
(116, 9, '2012-08-03', 0, NULL, NULL, '2012-08-03 04:15:36', '    '),
(117, 10, '2012-08-03', 0, NULL, NULL, '2012-08-03 04:15:36', '    '),
(118, 11, '2012-08-03', 0, NULL, NULL, '2012-08-03 04:15:36', '    '),
(119, 12, '2012-08-03', 0, NULL, NULL, '2012-08-03 04:15:36', '    '),
(120, 13, '2012-08-03', 0, NULL, NULL, '2012-08-03 04:15:36', '    '),
(122, 16, '2012-08-03', 0, NULL, NULL, '2012-08-03 04:15:36', '    '),
(123, 2, '2012-08-05', 1, '09:26:49', '18:31:09', '2012-08-05 12:46:09', '    '),
(124, 4, '2012-08-05', 1, '09:26:50', '18:31:09', '2012-08-05 12:46:09', '    '),
(125, 5, '2012-08-05', 1, '09:26:50', '18:31:09', '2012-08-05 12:46:09', '    '),
(126, 15, '2012-08-05', 1, '09:26:50', '18:31:09', '2012-08-05 12:46:09', '    '),
(127, 16, '2012-08-05', 1, '09:26:50', '18:31:09', '2012-08-05 12:46:09', '    '),
(128, 10, '2012-08-05', 1, '09:37:28', '18:31:09', '2012-08-05 12:46:09', '    '),
(129, 8, '2012-08-05', 0, NULL, NULL, '2012-08-05 04:18:40', '    '),
(130, 9, '2012-08-05', 0, NULL, NULL, '2012-08-05 04:18:40', '    '),
(131, 11, '2012-08-05', 0, NULL, NULL, '2012-08-05 04:18:40', '    '),
(132, 12, '2012-08-05', 0, NULL, NULL, '2012-08-05 04:18:40', '    '),
(133, 13, '2012-08-05', 0, NULL, NULL, '2012-08-05 04:18:40', '    '),
(135, 2, '2012-08-06', 1, '09:32:43', '00:00:00', '2012-08-07 07:51:49', 'Server was off before the users pc '),
(136, 4, '2012-08-06', 1, '09:32:43', '00:00:00', '2012-08-07 07:51:49', 'Server was off before the users pc '),
(137, 5, '2012-08-06', 1, '09:32:43', '00:00:00', '2012-08-07 07:51:49', 'Server was off before the users pc '),
(138, 8, '2012-08-06', 1, '09:32:43', '00:00:00', '2012-08-07 07:51:49', 'Server was off before the users pc '),
(139, 10, '2012-08-06', 1, '09:32:43', '00:00:00', '2012-08-07 07:51:49', 'Server was off before the users pc '),
(140, 13, '2012-08-06', 1, '09:32:43', '00:00:00', '2012-08-07 07:51:49', 'Server was off before the users pc '),
(142, 15, '2012-08-06', 1, '09:32:43', '00:00:00', '2012-08-07 07:51:49', 'Server was off before the users pc '),
(143, 16, '2012-08-06', 1, '09:32:43', '00:00:00', '2012-08-07 07:51:49', 'Server was off before the users pc '),
(144, 9, '2012-08-06', 0, NULL, NULL, '2012-08-06 04:18:43', '    '),
(145, 11, '2012-08-06', 0, NULL, NULL, '2012-08-06 04:18:43', '    '),
(146, 12, '2012-08-06', 0, NULL, NULL, '2012-08-06 04:18:43', '    '),
(148, 2, '2012-08-07', 0, NULL, NULL, '2012-08-07 07:51:49', '    '),
(149, 4, '2012-08-07', 0, NULL, NULL, '2012-08-07 07:51:49', '    '),
(150, 5, '2012-08-07', 0, NULL, NULL, '2012-08-07 07:51:49', '    '),
(151, 8, '2012-08-07', 0, NULL, NULL, '2012-08-07 07:51:49', '    '),
(152, 9, '2012-08-07', 0, NULL, NULL, '2012-08-07 07:51:50', '    '),
(153, 10, '2012-08-07', 0, NULL, NULL, '2012-08-07 07:51:50', '    '),
(154, 11, '2012-08-07', 0, NULL, NULL, '2012-08-07 07:51:50', '    '),
(155, 12, '2012-08-07', 0, NULL, NULL, '2012-08-07 07:51:50', '    '),
(156, 13, '2012-08-07', 0, NULL, NULL, '2012-08-07 07:51:50', '    '),
(158, 15, '2012-08-07', 0, NULL, NULL, '2012-08-07 07:51:50', '    '),
(159, 16, '2012-08-07', 0, NULL, NULL, '2012-08-07 07:51:50', '    '),
(161, 2, '2012-08-31', 0, NULL, NULL, '2012-08-31 16:02:39', '    '),
(162, 4, '2012-08-31', 0, NULL, NULL, '2012-08-31 16:02:39', '    '),
(163, 5, '2012-08-31', 0, NULL, NULL, '2012-08-31 16:02:39', '    '),
(164, 8, '2012-08-31', 0, NULL, NULL, '2012-08-31 16:02:39', '    '),
(165, 9, '2012-08-31', 0, NULL, NULL, '2012-08-31 16:02:40', '    '),
(166, 10, '2012-08-31', 0, NULL, NULL, '2012-08-31 16:02:40', '    '),
(167, 11, '2012-08-31', 0, NULL, NULL, '2012-08-31 16:02:40', '    '),
(168, 12, '2012-08-31', 0, NULL, NULL, '2012-08-31 16:02:40', '    '),
(169, 13, '2012-08-31', 0, NULL, NULL, '2012-08-31 16:02:40', '    '),
(171, 15, '2012-08-31', 0, NULL, NULL, '2012-08-31 16:02:40', '    '),
(172, 16, '2012-08-31', 0, NULL, NULL, '2012-08-31 16:02:40', '    ');

-- --------------------------------------------------------

--
-- Table structure for table `info`
--

CREATE TABLE IF NOT EXISTS `info` (
  `id` int(11) NOT NULL AUTO_INCREMENT,
  `min_login_time_hr` int(11) NOT NULL DEFAULT '8',
  `min_login_time_min` int(11) NOT NULL DEFAULT '0',
  `max_login_time_hr` int(11) NOT NULL DEFAULT '10',
  `max_login_time_min` int(11) NOT NULL DEFAULT '0',
  `min_logout_time_hr` int(11) NOT NULL DEFAULT '5',
  `min_logout_time_min` int(11) NOT NULL DEFAULT '0',
  `max_logout_time_hr` int(11) NOT NULL DEFAULT '6',
  `max_logout_time_min` int(11) NOT NULL DEFAULT '30',
  `ping` int(11) NOT NULL DEFAULT '3',
  PRIMARY KEY (`id`)
) ENGINE=InnoDB  DEFAULT CHARSET=latin1 MIN_ROWS=1 MAX_ROWS=1 AUTO_INCREMENT=2 ;

--
-- Dumping data for table `info`
--

INSERT INTO `info` (`id`, `min_login_time_hr`, `min_login_time_min`, `max_login_time_hr`, `max_login_time_min`, `min_logout_time_hr`, `min_logout_time_min`, `max_logout_time_hr`, `max_logout_time_min`, `ping`) VALUES
(1, 8, 0, 14, 0, 17, 0, 18, 30, 5);

-- --------------------------------------------------------

--
-- Table structure for table `users`
--

CREATE TABLE IF NOT EXISTS `users` (
  `id` int(11) NOT NULL AUTO_INCREMENT,
  `name` varchar(50) NOT NULL,
  `ip_address` varchar(20) NOT NULL,
  `updated_date` timestamp NOT NULL DEFAULT CURRENT_TIMESTAMP ON UPDATE CURRENT_TIMESTAMP,
  PRIMARY KEY (`id`)
) ENGINE=InnoDB  DEFAULT CHARSET=latin1 AUTO_INCREMENT=23 ;

--
-- Dumping data for table `users`
--

INSERT INTO `users` (`id`, `name`, `ip_address`, `updated_date`) VALUES
(2, 'Dipak', '192.168.1.35', '2012-09-01 13:24:16'),
(4, 'Ashok Neupane', '192.168.1.117', '2012-08-31 15:57:39'),
(5, 'Kiran Gautam', '192.168.1.84', '2012-08-31 15:57:50'),
(8, 'Mukesh Adhikari', '192.168.1.105', '2012-08-31 15:57:57'),
(9, 'Deepna Devkota', '192.168.1.106', '2012-08-31 15:58:04'),
(10, 'Sabita Maru', '192.168.1.110', '2012-08-31 15:58:12'),
(11, 'Dari Bhai', '192.168.1.124', '2012-08-31 15:58:18'),
(12, 'Krishna Ghimire', '192.168.1.115', '2012-08-31 15:58:27'),
(13, 'Anu Shrestha', '192.168.1.0', '2012-08-31 16:46:42'),
(15, 'Smriti', '192.168.1.11', '2012-09-01 16:26:47'),
(16, 'Thapa Amrit', '192.168.1.111', '2012-09-01 15:38:14'),
(19, 'KP', '192.168.1.1', '2012-09-01 16:32:11'),
(20, 'Rama', '192.168.1.4', '2012-09-04 16:49:42'),
(22, 'Darling Kumari', '192.168.1.5', '2012-09-09 11:02:38');

--
-- Constraints for dumped tables
--

--
-- Constraints for table `attendence`
--
ALTER TABLE `attendence`
  ADD CONSTRAINT `FK_attendence` FOREIGN KEY (`users_id`) REFERENCES `users` (`id`);

/*!40101 SET CHARACTER_SET_CLIENT=@OLD_CHARACTER_SET_CLIENT */;
/*!40101 SET CHARACTER_SET_RESULTS=@OLD_CHARACTER_SET_RESULTS */;
/*!40101 SET COLLATION_CONNECTION=@OLD_COLLATION_CONNECTION */;
